{
  "Profiles": [
    {
      "Name": "Nord",
      "Guid": "nord-dark-profile",
      "Dynamic Profile Parent Name": "Default",
      "Background Color": {
        "Red Component": 0.18039215686274508,
        "Green Component": 0.20392156862745098,
        "Blue Component": 0.25098039215686274,
        "Alpha Component": 1
      },
      "Foreground Color": {
        "Red Component": 0.8470588235294118,
        "Green Component": 0.8705882352941177,
        "Blue Component": 0.9137254901960784,
        "Alpha Component": 1
      },
      "Bold Color": {
        "Red Component": 0.9254901960784314,
        "Green Component": 0.9372549019607843,
        "Blue Component": 0.9568627450980392,
        "Alpha Component": 1
      },
      "Cursor Color": {
        "Red Component": 0.8470588235294118,
        "Green Component": 0.8705882352941177,
        "Blue Component": 0.9137254901960784,
        "Alpha Component": 1
      },
      "Cursor Text Color": {
        "Red Component": 0.18039215686274508,
        "Green Component": 0.20392156862745098,
        "Blue Component": 0.25098039215686274,
        "Alpha Component": 1
      },
      "Selection Color": {
        "Red Component": 0.2313725490196078,
        "Green Component": 0.25882352941176473,
        "Blue Component": 0.3215686274509804,
        "Alpha Component": 1
      },
      "Selected Text Color": {
        "Red Component": 0.8470588235294118,
        "Green Component": 0.8705882352941177,
        "Blue Component": 0.9137254901960784,
        "Alpha Component": 1
      },
      "Ansi 0 Color": {
        "Red Component": 0.23137254901960785,
        "Green Component": 0.25882352941176473,
        "Blue Component": 0.3215686274509804,
        "Alpha Component": 1
      },
      "Ansi 1 Color": {
        "Red Component": 0.7490196078431373,
        "Green Component": 0.3803921568627451,
        "Blue Component": 0.41568627450980394,
        "Alpha Component": 1
      },
      "Ansi 2 Color": {
        "Red Component": 0.6392156862745098,
        "Green Component": 0.7450980392156863,
        "Blue Component": 0.5490196078431373,
        "Alpha Component": 1
      },
      "Ansi 3 Color": {
        "Red Component": 0.9215686274509803,
        "Green Component": 0.796078431372549,
        "Blue Component": 0.5450980392156862,
        "Alpha Component": 1
      },
      "Ansi 4 Color": {
        "Red Component": 0.5058823529411764,
        "Green Component": 0.6313725490196078,
        "Blue Component": 0.7568627450980392,
        "Alpha Component": 1
      },
      "Ansi 5 Color": {
        "Red Component": 0.7058823529411765,
        "Green Component": 0.5568627450980392,
        "Blue Component": 0.6784313725490196,
        "Alpha Component": 1
      },
      "Ansi 6 Color": {
        "Red Component": 0.5333333333333333,
        "Green Component": 0.7529411764705882,
        "Blue Component": 0.8156862745098039,
        "Alpha Component": 1
      },
      "Ansi 7 Color": {
        "Red Component": 0.9254901960784314,
        "Green Component": 0.9372549019607843,
        "Blue Component": 0.9568627450980392,
        "Alpha Component": 1
      },
      "Ansi 8 Color": {
        "Red Component": 0.2980392156862745,
        "Green Component": 0.33725490196078434,
        "Blue Component": 0.41568627450980394,
        "Alpha Component": 1
      },
      "Ansi 9 Color": {
        "Red Component": 0.7490196078431373,
        "Green Component": 0.3803921568627451,
        "Blue Component": 0.41568627450980394,
        "Alpha Component": 1
      },
      "Ansi 10 Color": {
        "Red Component": 0.6392156862745098,
        "Green Component": 0.7450980392156863,
        "Blue Component": 0.5490196078431373,
        "Alpha Component": 1
      },
      "Ansi 11 Color": {
        "Red Component": 0.9215686274509803,
        "Green Component": 0.796078431372549,
        "Blue Component": 0.5450980392156862,
        "Alpha Component": 1
      },
      "Ansi 12 Color": {
        "Red Component": 0.5058823529411764,
        "Green Component": 0.6313725490196078,
        "Blue Component": 0.7568627450980392,
        "Alpha Component": 1
      },
      "Ansi 13 Color": {
        "Red Component": 0.7058823529411765,
        "Green Component": 0.5568627450980392,
        "Blue Component": 0.6784313725490196,
        "Alpha Component": 1
      },
      "Ansi 14 Color": {
        "Red Component": 0.5607843137254902,
        "Green Component": 0.7372549019607844,
        "Blue Component": 0.7333333333333333,
        "Alpha Component": 1
      },
      "Ansi 15 Color": {
        "Red Component": 0.9254901960784314,
        "Green Component": 0.9372549019607843,
        "Blue Component": 0.9568627450980392,
        "Alpha Component": 1
      },
      "Link Color": {
        "Red Component": 0.5333333333333333,
        "Green Component": 0.7529411764705882,
        "Blue Component": 0.8156862745098039,
        "Alpha Component": 1
      }
    }
  ]
}
